{
  "accuracy": [
    0.6369361281394958,
    0.6637468338012695,
    0.6760510206222534,
    0.6811360120773315,
    0.6907244920730591,
    0.6933597922325134,
    0.6943990588188171,
    0.6987664699554443,
    0.7013522982597351,
    0.7012285590171814,
    0.7036411762237549
  ],
  "loss": [
    0.8154773712158203,
    0.7477371096611023,
    0.7234622836112976,
    0.7110117673873901,
    0.6907484531402588,
    0.6851972937583923,
    0.6822343468666077,
    0.6722859740257263,
    0.6683987975120544,
    0.665721595287323,
    0.6627635955810547
  ],
  "val_accuracy": [
    0.6250773072242737,
    0.26767465472221375,
    0.2715597152709961,
    0.6250773072242737,
    0.6326000094413757,
    0.6250773072242737,
    0.2693573534488678,
    0.5077577829360962,
    0.27029767632484436,
    0.34290167689323425,
    0.5648214817047119
  ],
  "val_loss": [
    0.9172198176383972,
    2.032679796218872,
    1.4620106220245361,
    1.8315730094909668,
    1.0151339769363403,
    1.787465214729309,
    1.95479416847229,
    1.056740403175354,
    3.557044744491577,
    1.262837290763855,
    2.863027811050415
  ],
  "learning_rate": [
    9.999999747378752e-05,
    9.999999747378752e-05,
    9.999999747378752e-05,
    9.999999747378752e-05,
    4.999999873689376e-05,
    4.999999873689376e-05,
    4.999999873689376e-05,
    2.499999936844688e-05,
    2.499999936844688e-05,
    2.499999936844688e-05,
    1.249999968422344e-05
  ]
}