{
  "accuracy": [
    0.7142813205718994,
    0.7190074920654297,
    0.7218160033226013,
    0.7233749032020569,
    0.7267401814460754,
    0.7281382083892822,
    0.7279526591300964,
    0.7290970683097839,
    0.7299198508262634,
    0.730643630027771,
    0.7295424938201904
  ],
  "loss": [
    0.7858672142028809,
    0.7344872951507568,
    0.7157678604125977,
    0.7070830464363098,
    0.6905690431594849,
    0.686092734336853,
    0.6821212768554688,
    0.678948700428009,
    0.6787589192390442,
    0.6762809753417969,
    0.6742597222328186
  ],
  "val_accuracy": [
    0.7172304391860962,
    0.7023087739944458,
    0.7172304391860962,
    0.11516666412353516,
    0.717255175113678,
    0.7172304391860962,
    0.7172304391860962,
    0.7172304391860962,
    0.7172304391860962,
    0.7172304391860962,
    0.7172304391860962
  ],
  "val_loss": [
    0.8321354389190674,
    1.0060772895812988,
    0.8511660695075989,
    1.4535319805145264,
    1.475602149963379,
    0.8046693801879883,
    0.850856363773346,
    0.8986088633537292,
    0.7919216752052307,
    1.7711464166641235,
    0.8106933236122131
  ],
  "learning_rate": [
    9.999999747378752e-05,
    9.999999747378752e-05,
    9.999999747378752e-05,
    9.999999747378752e-05,
    4.999999873689376e-05,
    4.999999873689376e-05,
    4.999999873689376e-05,
    4.999999873689376e-05,
    4.999999873689376e-05,
    4.999999873689376e-05,
    4.999999873689376e-05
  ]
}