{
  "accuracy": [
    0.4135364890098572,
    0.45288026332855225,
    0.4655556380748749,
    0.47440800070762634,
    0.48539453744888306,
    0.486953467130661,
    0.4924096167087555,
    0.49720385670661926,
    0.500160813331604,
    0.5023074150085449,
    0.5051159262657166,
    0.5065016150474548,
    0.5087533593177795,
    0.510194718837738,
    0.5094214677810669,
    0.510330855846405,
    0.5120134353637695,
    0.5120939016342163,
    0.5124773979187012,
    0.5142899751663208,
    0.514803409576416,
    0.5151188969612122,
    0.5154467821121216,
    0.513293981552124,
    0.5150013566017151,
    0.5148962140083313,
    0.5164674520492554,
    0.5167829394340515,
    0.5146054625511169,
    0.5166345238685608,
    0.516931414604187,
    0.5163066387176514,
    0.5160344243049622,
    0.5174015760421753,
    0.5158117413520813
  ],
  "loss": [
    1.2183465957641602,
    1.1590977907180786,
    1.1412451267242432,
    1.126238465309143,
    1.109924077987671,
    1.1043660640716553,
    1.100089192390442,
    1.0911998748779297,
    1.0869766473770142,
    1.08229660987854,
    1.0781885385513306,
    1.0762536525726318,
    1.072928786277771,
    1.0735374689102173,
    1.0703418254852295,
    1.0699715614318848,
    1.068082571029663,
    1.066319227218628,
    1.0651270151138306,
    1.063738226890564,
    1.062211036682129,
    1.0631823539733887,
    1.0630520582199097,
    1.061033844947815,
    1.0615670680999756,
    1.0606061220169067,
    1.0586509704589844,
    1.060078740119934,
    1.0590286254882812,
    1.0599721670150757,
    1.0584139823913574,
    1.0600571632385254,
    1.0594055652618408,
    1.0582067966461182,
    1.0590393543243408
  ],
  "val_accuracy": [
    0.4148375391960144,
    0.4148622751235962,
    0.2848234474658966,
    0.2848234474658966,
    0.4148622751235962,
    0.41491177678108215,
    0.3028135895729065,
    0.2113780975341797,
    0.4148622751235962,
    0.24235975742340088,
    0.3513152301311493,
    0.4150107502937317,
    0.44354259967803955,
    0.4920690059661865,
    0.2598302364349365,
    0.4273588955402374,
    0.43532702326774597,
    0.3270396590232849,
    0.49251440167427063,
    0.41256093978881836,
    0.49216797947883606,
    0.4938506782054901,
    0.4450768232345581,
    0.5081290006637573,
    0.5038974285125732,
    0.44663581252098083,
    0.4646259546279907,
    0.5266388058662415,
    0.5242137312889099,
    0.5255499482154846,
    0.5175076127052307,
    0.5110737085342407,
    0.532231330871582,
    0.5295093059539795,
    0.5283709764480591
  ],
  "val_loss": [
    1.2105028629302979,
    1.2880563735961914,
    1.4410375356674194,
    1.391979455947876,
    1.4003076553344727,
    1.3877289295196533,
    1.4815691709518433,
    1.6154932975769043,
    1.6289693117141724,
    1.4085254669189453,
    1.3804473876953125,
    1.6210765838623047,
    1.1501708030700684,
    1.089935541152954,
    1.455049991607666,
    1.3056082725524902,
    1.3405447006225586,
    1.3870526552200317,
    1.1266990900039673,
    1.2456902265548706,
    1.1127431392669678,
    1.0900977849960327,
    1.2079546451568604,
    1.0595518350601196,
    1.089048147201538,
    1.1756013631820679,
    1.1776713132858276,
    1.0313750505447388,
    1.0563074350357056,
    1.0584348440170288,
    1.037607192993164,
    1.0834962129592896,
    1.046729326248169,
    1.0434904098510742,
    1.0533617734909058
  ],
  "learning_rate": [
    4.999999873689376e-05,
    4.999999873689376e-05,
    4.999999873689376e-05,
    4.999999873689376e-05,
    2.499999936844688e-05,
    2.499999936844688e-05,
    2.499999936844688e-05,
    1.249999968422344e-05,
    1.249999968422344e-05,
    1.249999968422344e-05,
    6.24999984211172e-06,
    6.24999984211172e-06,
    6.24999984211172e-06,
    6.24999984211172e-06,
    6.24999984211172e-06,
    6.24999984211172e-06,
    6.24999984211172e-06,
    3.12499992105586e-06,
    3.12499992105586e-06,
    3.12499992105586e-06,
    1.56249996052793e-06,
    1.56249996052793e-06,
    1.56249996052793e-06,
    7.81249980263965e-07,
    7.81249980263965e-07,
    7.81249980263965e-07,
    7.81249980263965e-07,
    3.906249901319825e-07,
    3.906249901319825e-07,
    3.906249901319825e-07,
    3.906249901319825e-07,
    1.9531249506599124e-07,
    1.9531249506599124e-07,
    1.9531249506599124e-07,
    9.765624753299562e-08
  ]
}