{
  "accuracy": [
    0.516931414604187,
    0.5384839177131653,
    0.5467361807823181,
    0.5532687306404114,
    0.5604941248893738,
    0.5621148943901062,
    0.5655111074447632,
    0.5668163895606995,
    0.5706641674041748,
    0.5716106295585632,
    0.5734974145889282,
    0.5757120251655579,
    0.5754522085189819,
    0.5764358043670654,
    0.5759037733078003
  ],
  "loss": [
    0.9851662516593933,
    0.9373558759689331,
    0.9224807620048523,
    0.9138832092285156,
    0.8993026614189148,
    0.8953733444213867,
    0.8925817608833313,
    0.8909348845481873,
    0.884901762008667,
    0.8826837539672852,
    0.8815537095069885,
    0.8782265782356262,
    0.8768479824066162,
    0.8765243887901306,
    0.8746232390403748
  ],
  "val_accuracy": [
    0.5221598148345947,
    0.20051470398902893,
    0.23337705433368683,
    0.23513400554656982,
    0.5221598148345947,
    0.5221598148345947,
    0.5238919854164124,
    0.5222340226173401,
    0.5501224994659424,
    0.28375938534736633,
    0.5221845507621765,
    0.29779019951820374,
    0.5242137312889099,
    0.5250303149223328,
    0.33693796396255493
  ],
  "val_loss": [
    1.1326864957809448,
    1.1722748279571533,
    1.1553685665130615,
    3.1336777210235596,
    1.0271759033203125,
    1.609276294708252,
    1.8528015613555908,
    1.5225955247879028,
    1.466425895690918,
    1.791367769241333,
    1.788454532623291,
    1.119489073753357,
    1.5936076641082764,
    0.9698784351348877,
    1.3832916021347046
  ],
  "learning_rate": [
    9.999999747378752e-05,
    9.999999747378752e-05,
    9.999999747378752e-05,
    9.999999747378752e-05,
    4.999999873689376e-05,
    4.999999873689376e-05,
    4.999999873689376e-05,
    4.999999873689376e-05,
    2.499999936844688e-05,
    2.499999936844688e-05,
    2.499999936844688e-05,
    1.249999968422344e-05,
    1.249999968422344e-05,
    1.249999968422344e-05,
    1.249999968422344e-05
  ]
}