{
  "accuracy": [
    0.5712951421737671,
    0.6239452362060547,
    0.637963056564331,
    0.6451389193534851,
    0.6488196849822998,
    0.6587793827056885,
    0.6621940732002258,
    0.6640127897262573,
    0.6682008504867554,
    0.6698401570320129,
    0.6710835695266724,
    0.6721970438957214,
    0.6733353137969971,
    0.6743189096450806,
    0.6759891510009766,
    0.6760138869285583,
    0.6762056946754456,
    0.6760634183883667,
    0.6772882342338562,
    0.6776717901229858,
    0.6770531535148621,
    0.6794533729553223,
    0.6773934364318848,
    0.6805483102798462,
    0.6791750192642212,
    0.6780862808227539,
    0.6779934763908386,
    0.6791069507598877,
    0.6782347559928894,
    0.6784265041351318
  ],
  "loss": [
    0.9270110130310059,
    0.8428043127059937,
    0.8171006441116333,
    0.8023977875709534,
    0.7940413951873779,
    0.7720519304275513,
    0.7668023109436035,
    0.7617635726928711,
    0.7515537142753601,
    0.7494757771492004,
    0.7461032867431641,
    0.7402329444885254,
    0.7387998104095459,
    0.7367922067642212,
    0.7332395911216736,
    0.7327042818069458,
    0.7312700748443604,
    0.7316116094589233,
    0.7291587591171265,
    0.7303651571273804,
    0.7282134294509888,
    0.7269598841667175,
    0.7281261682510376,
    0.7237807512283325,
    0.7267237305641174,
    0.7277792692184448,
    0.7261418104171753,
    0.7246904969215393,
    0.7269860506057739,
    0.7250535488128662
  ],
  "val_accuracy": [
    0.39457079768180847,
    0.24602212011814117,
    0.36470267176628113,
    0.39457079768180847,
    0.39457079768180847,
    0.39457079768180847,
    0.39870333671569824,
    0.39457079768180847,
    0.24208754301071167,
    0.2487688958644867,
    0.45277276635169983,
    0.4859815537929535,
    0.4418351352214813,
    0.3667565882205963,
    0.3030858039855957,
    0.47989410161972046,
    0.4113484025001526,
    0.623741090297699,
    0.6349261403083801,
    0.6095864772796631,
    0.48593205213546753,
    0.5848902463912964,
    0.6642993092536926,
    0.580287516117096,
    0.6286407113075256,
    0.6039692163467407,
    0.6822152137756348,
    0.6023359894752502,
    0.6818193197250366,
    0.5917448401451111
  ],
  "val_loss": [
    1.1320503950119019,
    1.0914344787597656,
    2.32851505279541,
    2.614544630050659,
    1.7291171550750732,
    2.1394054889678955,
    1.846219539642334,
    1.4780594110488892,
    1.7129368782043457,
    1.2604241371154785,
    1.9406219720840454,
    1.116113543510437,
    2.10416316986084,
    1.9184380769729614,
    1.578527808189392,
    1.1170952320098877,
    1.2591835260391235,
    0.9199185371398926,
    0.8119429349899292,
    0.8767179846763611,
    1.404271125793457,
    0.9724844098091125,
    0.7560120820999146,
    1.0253456830978394,
    0.8752498626708984,
    0.8696753978729248,
    0.731105625629425,
    0.8580029606819153,
    0.7569122314453125,
    0.8994957804679871
  ],
  "learning_rate": [
    9.999999747378752e-05,
    9.999999747378752e-05,
    9.999999747378752e-05,
    9.999999747378752e-05,
    9.999999747378752e-05,
    4.999999873689376e-05,
    4.999999873689376e-05,
    4.999999873689376e-05,
    2.499999936844688e-05,
    2.499999936844688e-05,
    2.499999936844688e-05,
    1.249999968422344e-05,
    1.249999968422344e-05,
    1.249999968422344e-05,
    6.24999984211172e-06,
    6.24999984211172e-06,
    6.24999984211172e-06,
    3.12499992105586e-06,
    3.12499992105586e-06,
    3.12499992105586e-06,
    3.12499992105586e-06,
    3.12499992105586e-06,
    1.56249996052793e-06,
    1.56249996052793e-06,
    1.56249996052793e-06,
    1.56249996052793e-06,
    7.81249980263965e-07,
    7.81249980263965e-07,
    7.81249980263965e-07,
    7.81249980263965e-07
  ]
}